{
    "class_map": {
        "valid": [
            {
                "class": "defect",
                "map@50:95": 0.5073609293474065,
                "map@50": 0.8100653752396224,
                "precision": 0.8549618320610687,
                "recall": 0.7887323943661971,
                "f1_score": 0.8205128205128205
            },
            {
                "class": "all",
                "map@50:95": 0.5073609293474066,
                "map@50": 0.8100653752396224,
                "precision": 0.8549618320610687,
                "recall": 0.7887323943661971,
                "f1_score": 0.8205128205128205
            }
        ],
        "test": [
            {
                "class": "defect",
                "map@50:95": 0.517213874720366,
                "map@50": 0.7701600651539323,
                "precision": 0.8682170542635659,
                "recall": 0.7368421052631579,
                "f1_score": 0.797153024911032
            },
            {
                "class": "all",
                "map@50:95": 0.517213874720366,
                "map@50": 0.7701600651539323,
                "precision": 0.8682170542635659,
                "recall": 0.7368421052631579,
                "f1_score": 0.797153024911032
            }
        ]
    },
    "map": 0.8100653752396224,
    "precision": 0.8549618320610687,
    "recall": 0.7887323943661971,
    "f1_score": 0.8205128205128205
}