{
    "class_map": {
        "valid": [
            {
                "class": "defect",
                "map@50:95": 0.5176292975690234,
                "map@50": 0.8514939224873266,
                "precision": 0.889763779527559,
                "recall": 0.795774647887324,
                "f1_score": 0.8401486988847584
            },
            {
                "class": "all",
                "map@50:95": 0.5176292975690234,
                "map@50": 0.8514939224873266,
                "precision": 0.889763779527559,
                "recall": 0.795774647887324,
                "f1_score": 0.8401486988847584
            }
        ],
        "test": [
            {
                "class": "defect",
                "map@50:95": 0.48713071098046284,
                "map@50": 0.763944576015298,
                "precision": 0.8916666666666667,
                "recall": 0.7039473684210527,
                "f1_score": 0.786764705882353
            },
            {
                "class": "all",
                "map@50:95": 0.48713071098046284,
                "map@50": 0.763944576015298,
                "precision": 0.8916666666666667,
                "recall": 0.7039473684210527,
                "f1_score": 0.786764705882353
            }
        ]
    },
    "map": 0.8514939224873266,
    "precision": 0.889763779527559,
    "recall": 0.795774647887324,
    "f1_score": 0.8401486988847584
}